NOMBRE;CATEGORIA;SUBCATEGORIA;RESEÑA HISTORICA;DIRECCION;   NUMERO DE TELEFONO;HORARIO;PAGINA WEB O CORREO ELECTRONICO;PRECIO;ACCESIBILIDAD (discapacitados) ;RUTAS DEL MIO CERCANAS;PARQUEADEROS;RECOMENDACIONES;RESPONSABLE;;;;;;;;;;;;;;;;
PLAZA DE CAICEDO;CULTURAL;PLAZAS Y PARQUES;Ubicada entre las carreras 4ª y 5ª con calles 11 y 12.Durante la época de la colonia se le llamo Plaza Mayor y constituyó el centro de reunión de la aldea colonial, posteriormente fue llamada Plaza de la Constitución hasta 1913 cuando se le cambia el nombre a Plaza de Cayzedo, como un homenaje póstumo al prócer caleño JOAQUIN DE CAYZEDO Y CUERO, protomártir de la independencia y quien fue fusilado en la ciudad de Pasto el 25 de Enero del año 1813, fue así como se instaló en el centro de la plaza un monumento en su nombre.;cra 5 cra 4 / Calle 11 Calle 12;N/A;N/A;www.cali.gov.co;N/A;SI;E21 - P52D - P72;Cuenta con varios parqueaderos a sus alrededores;N/A;N/A;;;;;;;;;;;;;;;;
BULEVAR DE LA AVENIDA COLOMBIA;CULTURAL;PLAZAS Y PARQUES;El Paseo de la Avenida Colombia es una obra que ha marcado un hito en todo nuestro territorio, tanto por cambiarnos la mentalidad sobre la importancia que tiene el espacio público en una urbe, así como por marcar la directriz de la ciudad del siglo XXI que todos queremos, que ante todo sea amiga del medio ambiente y de los peatones”. Sociedad Colombiana de Arquitectos les concedió un reconocimiento a la ciudad y a la arquitecta EllyBurckhardt por el diseño del Paseo de la Avenida Colombia.;Avenida colombia calle 6 calle 13;N/A;N/A;www.cali.gov.co;N/A;SI; E37, T31, T40, T42, T50, P10A, P10D, P30A, P40A, P40B;Cuenta con varios parqueaderos a sus alrededores;N/A;Coorporación para la Recreación Popular;;;;;;;;;;;;;;;;
PLAZOLETA JAIRO VARELA;CULTURAL;PLAZAS Y PARQUES;Un nuevo y moderno espacio público de 8000 metros cuadrados se recuperó en el corazón de la ciudad, tras la demolición de una manzana de edificios. Es la Plazoleta de la Caleñidad “Jairo Varela”, ubicada frente al CAM, entre las avenidas 2N y 4N y las calles 10N y 12N. Esta gran plaza es un sitio para el esparcimiento, tiene restaurantes, cafés, espacios para la tertulia y un cine foro. Es un lugar propicio también para espectáculos públicos y la realización de conciertos al aire libre. Tiene, además, dos sótanos con 243 parqueaderos y 19 fuentes de agua. Este amplio sitio urbano tiene como propósito ofrecer nuevos espacios públicos que se conviertan en puntos de encuentro masivos para las familias caleñas y visitantes, alrededor de eventos y actividades lúdicas que se realicen en la plazoleta. El espacio es administrado por la Corporación para la Recreación Popular, mediante convenio interadministrativo suscrito con el Municipio de Cali.;Av. 2 Nte. # 10 Norte -75;N/A;N/A;www.cali.gov.co;N/A;SI;"  P30A, P40A, P40B, P T31, T40, T42,  T50
P10A,  P10D ";Si cuenta con parqueadero valor  $2.500 la primera hora y $2300 hora adicional - Horario  lun vie 6am a 9pm  sab, dom y fest de 10am a 6 pm ;La palzoleta cuento con: 2 islas (cafes)  2 restaurantes, museo con horario de lun vier de 9am a 5pm - sabados de 8am a 12pm y un auditorio para uso de entidades del municipio;Coorporacion para la Recreación Popular;;;;;;;;;;;;;;;;
PARQUE PANAMERICANO (DE LAS BANDERAS);CULTURAL;PLAZAS Y PARQUES;Ubicado sobre la calle 5ª entre carreras 34 y 36. Es un espacio creado como antesala a la unidad deportiva San Fernando donde se aprovecha el manejo de los pisos y el agua como eje central para la realización de eventos masivos de todo tipo. El diseño arquitectónico fue realizado por Manuel Lago Franco y Jaime Saenz Caicedo. Fue el lugar elegido para ubicar la llama olímpica a su llegada a la ciudad antes de la ceremonia de inauguración de los Vl Juegos Panamericanos realizados en 1971. Este lugar fue propuesto como Monumento Nacional el 26 de Octubre de 1994.;Calle 5, Carrera 34 y Carrera 36;N/A;N/A;N/A;N/A;SI;E21 - E27 - E27B (HORA PICO) - E37 T31 - T47B - T57A;cuanta con parqueadero publico a un lado del parque;N/A;N/A;;;;;;;;;;;;;;;;
BARRIO SAN ANTONIO;CULTURAL;PATRIMONIO HSITORICO Y TURISTICO;Ubicado en la colina del mismo nombre, es un barrio central de uso residencial, que escapa de los esquemas generales del comportamiento de los demás barrios centrales, ha conservado en su rica arquitectura el colorido, la sencillez, la frescura y calidez ambiental de un pequeño pueblo dentro de una gran ciudad. Sus viejas casonas han mantenido su identidad cultural con variedad de estilos y contenido estético, en el sobresalen talleres artesanales, anticuarios, espacios para el arte y la cultura  y pequeños restaurantes que mantienen la tradición colonial popular.;calle 5, calle 3OE / Carrera 4 Carrera 12;N/A;N/A;N/A;N/A;Si, aunque sus calles son empedradas e inclinadas lo cual dificulta el transito para los discapacitados;E21, A06, A05, T31, A02;No cuenta con parqueadero,  es permitido parquear en las aceras de la calle;N/A;N/A;;;;;;;;;;;;;;;;
COMPLEJO LA MERCED;CULTURAL;PATRIMONIO HSITORICO Y TURISTICO;Ubicado entre carreras 3ª y 4ª con calle 7ª, construido en el sitio en donde el 25 de Julio de 1536 se oficiara la primer misa en la ciudad, con motivo de la fundación de la misma, misa realizada por Fray Santos de Añasco. este complejo esta conformado por las Capillas de la Virgen de las Mercedes y la Capilla de la Virgen de los Remedios, la Capilla de San Juan de Letrán, el Convento Religioso y el Museo de Arte Colonial y Religioso La Merced. Fue declarado Monumento Nacional en el mes de Febrero de 1975;Carrera 4 entre calle 6 y Calle 7;8892309;N/A;N/A;N/A;SI;A14B, E21, A06, A05;No cuenta con parqueadero,  es permitido parquear en las aceras de la calle;está conformado por las Capillas de la Virgen de las Mercedes , la Capilla de la Virgen de los Remediosy  la Capilla de San Juan de Letrán, el Convento Religioso, el Museo de Arte Colonial y Religioso La Merced y el Museo Arqueologico. El horario de la misas es: ;N/A;;;;;;;;;;;;;;;;
PALACIO NACIONAL;CULTURAL;ARQUITECTONICO;Ubicado en la esquina de la carrera 4ª con calle 12, corresponde a una tendencia renacentista con un estilo neoclásico francés, su construcción se inicio en el año 1926 y se inauguró en el año 1933 con planos proyectados por los ingenieros Giovanni Lignarolo, italiano y el belga José Maertens y el trabajo de los arquitectos colombianos Pablo Emilio Paez y Guillermo Carrillo y realizado por el Ferrocarril del Pacifico. Declarado Monumento Nacional el 25 de Julio de 1977. ;Calle 12 entre carrera 4 y carrera 5 # 12 - 04;8893265;Lun a Vier 8am a 12pm y 1pm a 5pm ;N/A;N/A;SI;P10D, E21, T31;No cuenta con parqueaderos;El Palacio Nacional de Cali es la sede de el Consejo Seccional de la Judicatura, el Tribunal Contencioso Administrativo del Valle y del Tribunal Superior de Cali;N/A;;;;;;;;;;;;;;;;
ESTADIO PASCUAL GUERRERO;SALUD, DEPORTE Y BIENESTAR;UNIDAD DEPORTIVA Y RECRETAIVA;"Con ocasión del primer centenario de la ciudad de Cali, se construyó el estadio departamental, que posteriormente se llamó Estadio Pascual Guerrero. En 1937 se inauguró con un cuadrangular de fútbol, ha sido remodelado en cuatro oportunidades ; en 1951 para los XII juegos nacionales ,en 1971 para los VI juegos panamericanos, en el 2001 para la  Copa América y en el 2011 para el campeonato mundial de futbol sub 20.";Carrera 34 carrera 36 / Calle 5B1 y calle 5B3;5566184;De acuerdo a programación ;www.cali.gov.co (secretaria de Deporte y la recreacion);Segun evento programado;SI;E21, E27, E27B (HORA PICO), E37, T31, T47B, T57A;SI;N/A;N/A;;;;;;;;;;;;;;;;
LAS TRES CRUCES;CULTURAL;MONUMENTOS;Promotorio de 1.465 metros sobre el nivel del mar, se levanta airoso en el norte de la ciudad de Santiago de Cali. En su cima los caleños a insinuaciones de los frailes Vicente y Juan Cuesta, quienes predicaron unas misiones colocaron en 1837 tres cruces de guadua para conjurar a la ciudad de los males del “buziraco”, demonio que desde España anuncio la ruina de Santiago de Cali. El padre Marco Tulio Collazos capitaneo un movimiento en pro del monumento a la insignia de cristo, y el día 6 de enero de 1938 termino la construcción en ferroconcreto de las tres gigantes cruces que actualmente conocemos, la cruz central mide 26 mts y las laterales 22 mts;Corregimiento de Montebello;N/A;N/A;www.cali.gov.co/emru/publicaciones/1388/las_tres_cruces/;N/A;NO;NO;NO;N/A;N/A;;;;;;;;;;;;;;;;
TEATRO MUNICIPAL ENRIQUE BUENAVENTURA;CULTURAL;TEATROS;Ubicado en la carrera 5ª con calle 7ª esquina. El 9 de Abril de 1918 se colocó la primera piedra, y es inaugurado el 30 de noviembre de 1927, con la  presentación de la Compañía Italiana de Opera  de Adolfo Bracale con “El Trovador” de Verdi, es un edificio perteneciente a la corriente arquitectónica iniciada en el siglo XlX del clasicismo criollo, en su construcción se siguió el modelo del teatro de ópera italiano, con sus respectivas adaptaciones neoclásicas. Fue la primera construcción en ostentar artes decorativas, conserva su telón original elaborado por G. Alessandrini de la casa Peyron de Roma, al igual que los asientos importados de Austria, las cortinas y los artesonados encargados a la casa Henry Lefol de París.;Carrera 5 # 6 - 64;8839106;De acuerdo a programación ;www.teatromunicipal.gov.co;Depende del evento;SI;A02, E21, T31, A06, A01;No cuenta con parqueadero;N/A;Secretaría de Cultura;;;;;;;;;;;;;;;;
MUSEO ARQUEÓLOGICO LA MERCED;CULTURAL;MUSEOS;Ubicado en la carrera 4ª # 6-59, esta edificación hace parte del complejo religioso, pero funciona de manera independiente, apoyada por el Fondo de Promoción de la Cultura del Banco Popular, entidad que apoya la adecuación del museo, se presenta una muestra de cerámica que representa el desarrollo cultural prehispánico de las sociedades que habitaron el sur occidente colombiano tales como: Tolima, Quimbaya, Calima, Tierradentro, San Agustín, Tumaco y Nariño. El museo además cuenta con Auditorio para conferencias, sala de exposiciones itinerantes, talleres artísticos, conferencias, videos y servicio de guías.;Carrera 4 # 6 - 59;8855309;Lunes-Sabado 9:00 am a 1:00 pm y 2:00 pm a 6:00 pm.;www.calicultural.net › Turismo › Museos;Adulto: $4.000, Niño: $2.000, Estudiante universitario con carné: $3.500, Adulto mayor: $3.500.;Si;E27 - T31 (A02-A06);Alrededores;N/A;N/A;;;;;;;;;;;;;;;;
MUSEO DE ARTE COLONIAL Y RELIGIOSO;CULTURAL;MUSEOS;Creado como consecuencia de la restauración del conjunto conventual de La Merced llevada a cabo entre 1976 y 1978, siendo inaugurado el 1º de mayo de ese último año. Se ubica en el centro histórico de la ciudad de Santiago de Cali, ubicado en uno de los patios del Convento de las Misioneras Agustinas Recoletas, congregación a la que pertenece. El Museo tiene por objeto servir de instrumento de evangelización cristiana, de fomento de la fe y de la espiritualidad, de diálogo interreligioso con aquellos que provienen de diversa extracción cultural y social, de formación cultural, de goce artístico y conocimiento histórico, especialmente en lo que tiene relación con el arte religioso colonial y republicano de la ciudad de Cali entre los siglos XVI y XX.;Carrera 4 # 6 - 117;8804737;Lunes-Viernes 9:00 am a 12:00 pm y 2:00 pm a 5:00 pm, Sabado 9:00 am a 12:00 pm ;www.calicultural.net › Turismo › Museos;Adultos: $4.000, Niños: $2.000, Estudiantes universitarios con carné: $3.000;No;E27 - T31 (A02-A06);Alrededores;N/A;N/A;;;;;;;;;;;;;;;;
MUSEO DE LA CINEMATOGRAFÍA CALIWOOD;CULTURAL;MUSEOS;El primer Museo de la Cinematografía en la historia de Colombia, fue fundado el 22 de octubre de 2008 y está ubicado en la Avenida Belalcázar (Cra 2ª.) No. 5A-55 Oeste de la Urbanización Arboleda, en Santiago de Cali. El nuevo ente cultural fue concebido para mostrar a los visitantes nacionales y extranjeros los principales artefactos, elementos, juegos ópticos, maquinaria, accesorios, equipos de filmación y proyección de películas y todos los objetos que fueron protagonistas en el desarrollo de la cultura cinematográfica y su ascendiente inmediata la fotografía.;Av Belalcazar # 5A - 55;8922544;"Lunes a viernes es de 8:00 am a 12:00 pm y de 2:00 pm a 6:00 pm; Sábados 8:00 am a 12:00 pm y 3:00 pm a 7:00 pm y domingos 10:00 am a 6 pm.";www.caliwood.om.co;"Adultos $ 15.000.00

Menores de 18 años $ 10.000";Si;E27 (A02-A05), T47B-T57A (A04).;Si;N/A;N/A;;;;;;;;;;;;;;;;
MUSEO DEL ORO CALIMA;CULTURAL;MUSEOS;Ubicado en la calle 7ª con carrera 5ª sector histórico de la ciudad, muestra una valiosa colección de piezas en oro, cerámica, conchas, piedra y etnográficos cronológicamente dispuestos y elaborados por la sociedad denominada complejo cultural calima, que habitó hacia el noreste de la ciudad de Cali. El museo fue inaugurado el 9 de mayo de 1991, ubicándose en un área del moderno edificio del Banco de la república, donde se encuentra también un auditorio para conferencias, salas de exposiciones itinerantes, sala de música y centro de documentación y divulgación de economía e historia, entre otros.;Calle 7 # 4 - 69;6847754;Martes -Sabado 8:00 am a 5:00 pm.;www.banrepcultural.org.cali;Entrada libre;Si;E27 - T31 (A02-A06);Alrededores;N/A;N/A;;;;;;;;;;;;;;;;
MUSEO DE ARTE MODERNO LA TERTULIA;CULTURAL;MUSEOS;Ubicado sobre la Avenida Colombia con calle 5ª Oeste en el antiguo sector denominado “Charco del Burro” lugar que fue balneario natural de los caleños. El actual edificio del complejo cultural inauguró en 1962, es una construcción de corte moderno, hace una semblanza estilizada de los antiguos templos griegos con una gran columnata que los precede, fue obra la firma de arquitectos Lago y Saenz. El conjunto consta actualmente de tres bloques, el primero es una gran sala de exposición con más de trescientas obras de artistas nacionales e internacionales con muestras de pintura, escultura, grabado y dibujo y un taller de artes para niños el segundo bloque lo conforman la cinemateca, la sala de exposiciones itinerantes, el teatro al aire libre y el sótano. El tercer bloque lo conforman un taller de artes gráficas, taller de restauración salón auditorio para conferencias, apartamentos para artistas y una pequeña tienda de arte.;AV Colombia # 5 - 05 O;8932945;Martes -Sabado 10:00 am a 7:00 pm y Domingo 2:00 pm a 6:00 pm;www.museolatertulia.com;Adulto: $10.000, Estudiantes y Adultos Mayores de 60 años: $5.000, Grupos de adultos de más de 5 personas: $7.000, Afiliados Comfandi ( Presentando Carné): $7.000.    Cinemateca  Aporte general: $8.000, Estudiantes: $5.000,  Entrada gratuita: El Museo tiene entrada libre permanente a las salas de exposiciones para las siguientes personas: Niños menores de 4 años, Personas con credencial Amigo del Museo.;Si;E27 - T31 (A02-A06) - E21 (A02-A06);Si;"La taquilla se cierra 15 minutos antes del cierre.La taquilla se cierra 15 minutos antes del cierre.
* La Casa Obeso Mejía abre sus puertas según la agenda expositiva, cultural y académica planteada para este espacio. • Por cuidado de las obras, no se puede entrar con bolsos y maletines. Tenemos servicio de maletero.

• Puedes traer cámara fotográfica o de video, pero no debes usarlas con flash o luces que puedan deteriorar las obras expuestas.

• Dentro de las salas de exposición del museo no está permitido el consumo de alimentos ni bebidas. Tampoco el ingreso de mascotas. Sin embargo tenemos unos jardines y una plazoleta donde podrás tomar un refrigerio o jugar con tu mascota.

• Por razones de preservación, debes abstenerte de tocar las obras expuestas.

• Por tu propio beneficio y el del resto de visitantes, procura no utilizar el teléfono móvil y utilizar un tono de voz bajo para contribuir al clima de tranquilidad y reflexión que requiere el disfrute de las obras de arte.";N/A;;;;;;;;;;;;;;;;
MUSEO DEPARTAMENTAL DE CIENCIAS NATURALES;CULTURAL;MUSEOS;Ubicado en La Manzana del Saber Calle Quinta (5ta) con Avenida Roosevelt, Conocido bajo el emblema de Gallito de Roca. Fue fundado en el año de 1963 mediante decreto 510 por el científico (Biólogo-Ornitólogo) e investigador Federico Carlos  Lehmann Valencia y en cuya memoria lleva su nombre, cuyos objetivos principales son: conservar los recursos naturales y sociales a través de su investigación y enseñanza, servir como centro de apoyo a la comunidad escolar en las aéreas de ciencias naturales y sociales con respecto al cuidado de la naturaleza y recuperación del medio ambiente, brindar un espacio de interés científico y natural al turismo nacional e internacional.;Av Rooseevelt # 24 -80;5576421 - 5146866;Lunes - Viernes 8:00 am a 4:30 pm y Sabado, Domingo y festivos  10:00 am a 4:00 pm;www.inciva.gov.co;Adulto: $5.000, Niños: $3.000;Si;E31 - T31 - T47B - T57A - E27 - E27B;Si;Teniendo en cuenta que el recorrido por el museo dura aproximadamente una hora se recomienda a los visitantes llegar por lo menos una hora antes del cierre. Los grupos escolares deben hacer contacto previo para reservar el servicio de guías. ;N/A;;;;;;;;;;;;;;;;
TEATRO JORGE ISAACS;CULTURAL;TEATROS;Fue inaugurado el 26 de diciembre de 1931 por iniciativa del señor  ingeniero Hermann S. Bohmer en homenaje al escritor Jorge Isaacs, se realizó en un estilo neoclásico francés y consta en su interior de una platea y tres palcos distribuidos en forma de herradura, el escenario es suntuoso, amplio, para presentaciones multitudinarias y dispone de una altísima tramoya , la suntuosa fachada de capiteles y guimaldas neoclásicas con el escudo de Cali en lo alto y la vera efigie de don Jorge Isaac definen un estilo y determinan una época de esplendor y el arte deco. El 26 de noviembre de 1984 fue declarado monumento nacional y fue adquirido por el municipio de Cali para su remodelacion en 1986.;Carrera 3 # 12 -28;8899323;Dependiendo de evento (función de teatro, concierto, Stand Up Comedy.;www.teatrojorgeisaac.com.co;Dependiendo de evento (función de teatro, concierto, Stand Up Comedy.;Si;T31 - E21 - P30A - E37 ;Si;N/A;N/A;;;;;;;;;;;;;;;;
TEATRO AL AIRE LIBRE LOS CRISTALES;CULTURAL;TEATROS;Diseñado por el arquitecto Sigifredo Rojas y calculada por el ingeniero Camilo Niño Vélez, se convirtió en la primera concha acústica de Colombia. Niño tuvo que asistir a una feria internacional de aluminio en Alemania, para construir en 1986, la máquina para curvar las 7 vigas que conforman la concha, fabricadas por Coin Ltda. Promover y divulgar las diferentes manifestaciones artísticas tanto nacionales como extranjeras, formar públicos, contribuir a la conservación y difusión del patrimonio cultural intangible, generar procesos para el desarrollo urbano y fortalecer espacios para el sano esparcimiento, la convivencia y construcción de relaciones sociales basadas en el respeto por la diversidad y el pluralismo, sin distingos de razas, religión, credo o cultural, mediante la realización de eventos artísticos, culturales y recreativos.;Carrera 14 con Calle 7 OE;5582009;Lunes - Viernes 8:00 am a 4:30 pm y Sabado, Domingo y festivos  10:00 am a 4:00 pm, Eventos (Depende de tipo de evento max. 9:00 pm);www.cali.gov.co;Entrada libre;Si;E37 (A03), T47B Y T57A (A03).;Si;N/A;N/A;;;;;;;;;;;;;;;;
SEBASTIAN DE BELALCAZAR;CULTURAL;MONUMENTOS;Ubicada en la carrera 3ª oeste con calle 9ª oeste, sobre la colina del mismo nombre se levanta imponente el monumento al fundador de la ciudad, hecha en bronce, la idea surgió en los años 30 cuando la ciudad iba a cumplir 400 años de fundada. Se le encomendó la obra al escultor español Victorio Macho, quien la realizó en España y posteriormente fue trasladada en barco hasta Buenaventura y de ahí hasta Cali a  lomo de mula, para ser posteriormente ensamblada y ubicada sobre un pedestal en el sitio que hoy ocupa, levantó la diestra señalando hacia el occidente por ser esta la salida al mar, colocó su mano izquierda sobre su férrea espada denominada“ Tizona” en el pedestal se encuentra grabado el escudo de armas de Cali, su inauguración se dio el 25 de Julio de 1937, un año después del cumpleaños número 400 de la ciudad.;Carrera 3 OE con Cll 9a OE;N/A;Espacio público;www.cali.gov.co;Espacio público - Entrada libre;No - Pero si se puede observar desde el mirador (balcon al ingreso de la estatua);E37 (A02- A06), T47B Y T57A (A02- A06), E21 (A02- A06).;No;N/A;N/A;;;;;;;;;;;;;;;;
CRISTO REY;CULTURAL;MONUMENTOS;Ubicado al sur occidente de  la ciudad sobre el cerro de Los  Cristales, a una altura de 1.474 Mts sobre el nivel del mar es un excelente mirador hacia la sultana del valle,  lugar celebre por la batalla librada entre el general Eliseo Payan y Julio Arboleda el 11 de abril de 1862, en la que se comunicaban por medio de espejos (cristales) por ello el nombre de cerro de los cristales. Aquí se levanta imponente el monumento a Cristo Redentor patrono de Cali, la obra fue realizada inicialmente por el escultor palmirano Gerardo Navia  iniciado en 1949 e inaugurado en 1952, mide 26 metros de altura, un pedestal de 5 metros y 21 metros de envergadura.;Cerro de los Cristales, Correguimiento de los Andes;438 4820 ext 112;Lunes a Domingo de 8:00 am a 7:00 pm;www.cali.gov.co;Entrada libre;Si;No - Transporte público, se toma en la Calle 10 con carrera 10 (Chiva o Jeep cada 45 minutos desde las 6:30 am hasta las 5:00 pm;Si, Motos: $1.000, Carros: $2.000;N/A;Corporación para la Recreación Popular;;;;;;;;;;;;;;;;
IGLESIA LA ERMITA;CULTURAL;IGLESIAS;Ubicada en la esquina de la carrera 1ª con calle 13. Su nombre inicial fue el de “Ermita de Nuestra Señora de la Soledad del Río”, en la antigüedad hacia el año de 1602 existió en el mismo lugar una pequeña capilla hecha en bahareque y techo de paja, destruida en el año de 1787 por un fuerte terremoto que azotó a la ciudad, en el año de 1942 se restauró en un estilo gótico similar al de la Catedral de la Colonia en Alemania. Aunque fue dedicada a Nuestra Señora de los Dolores, en su interior tiene un altar con la efigie del Señor de la Caña única pieza sobreviviente al terremoto de 1787, por lo que es muy visitado por los devotos quienes lo consideran milagroso.;Carrera 1 con Clle 13 Esquina;8818553;"6:30 am a 12:00 am; Misas 7:30 am y 5:00 pm Lunes a viernes, 10:00 am y 5:00 pm Sabado y domingo.";"arquicali@arquicali.org -  
www.arquicali.org";Entrada libre;Si;T31 - E21 - P30A - E37 ;No;N/A;N/A;;;;;;;;;;;;;;;;
CATEDRAL DE SAN PEDRO;CULTURAL;IGLESIAS;Ubicada en la esquina de la calle 11 con carrera 5ª, se inicia su construcción hacia el año de 1772 en un estilo barroco Y terminó en 1841 en un estilo neoclásico, ha sido restaurada en varias oportunidades debido a la destrucción dejada por diversos terremotos, siendo su fachada actual construida en el año 1930. Cuenta en su interior con valiosas pinturas de la escuela Quiteña, como también su hermoso altar central e imágenes como la del Señor Caído y el Sagrario del Altísimo que datan del siglo XVlll, cabe además destacar su hermosa puerta central repujada en bronce y traída desde Europa en los años 60, en su interior se encuentra además un Órgano Walcker traído desde Europa, además debajo del altar central se encuentran los restos de don Joaquín De Caicedo y Cuero.;Calle 11 # 5 -39;8811378;"7:00 am a 7:00 pm; Misas Lunes a Sabado 7:30 am, 8:30am, 9:00 am, 10:00 am, 11:00 am, 12:00 pm, 5:00 pm y 6:00 pm. Domingo 9:00 am, 10:00 am, 11:00 am, 12:00 pm y 6:00 pm.";"arquicali@arquicali.org -  
www.arquicali.org - catedraldesanpedro@hotmail.com
";Entrada libre;Si;T31 - E21 - P30A - E37 ;No;N/A;N/A;;;;;;;;;;;;;;;;
IGLESIA LA MERCED;CULTURAL;IGLESIAS;Ubicado entre carreras 3ª y 4ª con calle 7ª, construido en el sitio en donde el 25 de Julio de 1536 se oficiará la primer misa en la ciudad, con motivo de la fundación de la misma, misa realizada por Fray Santos de Añasco. Es de anotar que dichas construcciones se realizaron en piedra, ladrillos hechos de barro y pegados a base de cal, cascaras de huevo y sangre de animales y esclavos, (Argamasa). ;Carrera 4 # 6 - 63;8804737;"7:00 am a 7:00 pm; Misa: Lunes a Sabado 7:00 am y 6:00 pm, Domingo: 9:00 am y 6:00 pm";"arquicali@arquicali.org -  
www.arquicali.org";Entrada libre;Si;E27 - T31 (A02-A06);Alrededores;N/A;N/A;;;;;;;;;;;;;;;;
IGLESIA DE SAN FRANCISCO;CULTURAL;IGLESIAS;La iglesia de san francisco es de estilo neoclásico, fue construida entre los años 1803 y 1827 con mampostería en ladrillo, siendo dirigida la obra por Fray Fernando de Jesús Larrea. El altar mayor es de estilo renacentista español elaborado en madera y mármol, conformado por cuarenta estatuas y estatuillas. Fue inaugurado en 1911. Sobresalen también los frescos  (pinturas) sobre la vida de san Francisco por el artista Mauricio Ramelli.;Calle 9 # 5 - 59;8842498;"6:00 am a 12:00 pm y 3:00 pm a 7:00 pm lunes a viernes, 6:00 am a 12:00 pm y 5:00 pm a 7:00 pm sabado, 6:30 am a 12:00 pm y 4:00 pm a 7:00 pm ; Misa:  Capilla : 6:30 am, 10:00 am y 6: 00 pm lunes a viernes, sabado 6:30 am y 10:00 pm, Templo: 7:30 am, 8:15 am, 11:00 am y 6:30 pm lunes a sabado,  7:00 am a11:00 am cada hora  y 5:00 pm y 6:00 pm domingo.";"arquicali@arquicali.org -  
www.arquicali.org";Entrada libre;Si;T31 - E21 - P30A - E37 ;No resgistra;N/A;N/A;;;;;;;;;;;;;;;;
SANTUARIO DE FATIMA;CULTURAL;IGLESIAS;Al llegar a Cali desde Portugal la imagen de la Virgen de Fátima alrededor de los años 50, se produjo una gran conmoción en la ciudad. Posteriormente Monseñor. Julián Mendoza obsequia a las Madres Reparadoras un cuadro de la misma Virgen para que le dedicaran una capilla en su residencia modesta de la carrera sexta. Debido al éxito del culto mariano, en esta capilla, las Reparadoras concibieron la idea de un Santuario más adecuado en el Barrio Granada.  En la fachada exterior del Templo y   debajo de su pórtico se lograron esculpir solamente dos temas:  Los tres grandes sacerdotes recordados en el Canon Romano, Abel, Abraham y Melquiaedec, y la recogida del maná en el desierto por los israelitas. Todo el techo de este pórtico está adornado con estucos. Sobre la puerta principal está la fuente del Paraíso terrenal (Eucaristía), la cual difunde la vida por todo el mundo. En el extremo del pórtico, en el que debía situarse la entrada del convento de las Madres Reparadoras,  se estucaron unos ángeles que adoran el Santísimo Sacramento.;Av 10 N con Calle 16 Norte;6676207;"Lunes y Jueves 6:30 am a 8:00 pm, Martes, Miercoles y Viernes 6:30 am a 12:00 pm y 2:00 pm a 6:00 pm,  Sabado y domingo 7:00 am a 5:00 pm; Misas: Lunes y Jueves 7:00 am, 6:00 pm (coronilla), 7:00 pm , Martes, Miercoles y Viernes 7:00 am y 6:00 pm,  Sabado 7:00 am y 5:00 pm y domingo 7:00 am, 10:00 am, 12:00 pm y 5:00 pm.";www.santuario-fatima.pt/es/locations/santuario-nuestra-senora-fatima-cali;Entrada libre;Si;E27, E37, T31, E21, T47B (A01A),T57B (A01A).;No;N/A;N/A;;;;;;;;;;;;;;;;
IGLESIA DE SAN ANTONIO;CULTURAL;IGLESIAS;La Capilla de San Antonio, la blancura de su fachada se mantiene intacta y contrasta con el verde de la colina, consta de una planta rectangular y su portada de ladrillo con un arco de medio punto y pilastras laterales del mismo material, en un estilo mudéjar, en su interior sobresale su altar mayor de estilo barroco con auténticas imágenes de la época colonial, sobresale la imagen del patrono de la capilla San Antonio de Padua.;Carrera 10 Calle 1 OESTE;N/A;Lunes a Viernes 5:00pm a 7:00pm Sabado 5:30pm a 7:00pm Domingo 9am y 6:00pm este es horario de eucaristias y la iglesia solo esta abierta en estos horarios ;"arquicali@arquicali.org -  
www.arquicali.org";Gratuita;No;El mio pasa por la calle 5 E27 - T31 (A02-A06);si;N/A;N/A;;;;;;;;;;;;;;;;
IGLESIA LA MILAGROSA;CULTURAL;IGLESIAS;Ubicada en la calle 6  # 29-71, abierta al público desde 1980, cuando se celebró el primer martes de milagrosa en conmemoración a los 150 años de la aparición de la Virgen María, a Santa Catalina, en París – Francia.;Calle 6 # 29 - 71;5566669; Horario habitual es lunes a Domingo 9am a 12pm y 2pm a 6:30 miercoles a partir de las 12pm hasta las 6:30 horario de eucaristia lunes a viernes (excepto Martes) 6:00pm Martes 7:00am-11:30am-5:30pm Sabado 5:00pm y Domingo 10:00am y 3:00pm;disentinascali@gmail.com;Gratuita;si;El mio pasa por la calle 5                                     E21-E27-E27B-E37-T31-T47B-T57A;no;N/A;N/A;;;;;;;;;;;;;;;;
GATO DE TEJADA Y LAS GATAS DEL RIO;CULTURAL;MONUMENTOS;Ubicado sobre la margen izquierda del Rio Cali, Av. 4ª Norte Oeste. Dentro de los planes de rescate del rio Cali y del embellecimiento de sus riberas, nació la idea de ubicar una escultura monumental en una de sus márgenes, fue así como el reconocido pintor y escultor Hernando Tejada donó su obra llamada “El gato del Rio”. En el mes de diciembre del año 2006 se realiza una convocatoria en donde varios artistas del valle del cauca y en general del país, realizaran una escultura la que sería la compañía del gato del río. Es así como quince artistas realizan una escultura consistente en una pequeña gata quien sería la novia del gato, por esto se realiza una encuesta dentro la comunidad caleña para que sea ella la que elija cual es la ganadora de dicho concurso. En el mes de Enero del año siguiente (2007) se elige a “Fogata”, obra realizada por el artista Roberto Molano González.;Av 4 OE Calle 3 oeste;N/A;Espacio Publico;N/A;Gratuita;si; A02, A05;No;N/A;N/A;;;;;;;;;;;;;;;;
PARQUE DE LA RETRETA;CULTURAL;PLAZAS Y PARQUES;Ubicado sobre la margen izquierda del Rio Cali y al costado derecho del puente ortiz. Lo conforman una amplia zona verde con vías peatonales, bancas y luminarias estilo francés y un kiosko  neoclásico réplica del que existió en la plaza de cayzedo hasta 1936, para recordar las viejas retretas o presentaciones musicales que dominicalmente hacia la banda municipal.;Paseo Bolivar;N/A;Espacio Publico;www.cali.gov.co;Gratuita;si;A01A - A05;No;N/A;N/A;;;;;;;;;;;;;;;;
LAS AVES DEL RIO;CULTURAL;MONUMENTOS;Este monumento fue donado por el Banco de Occidente a la ciudad como homenaje en sus 450 años de fundación.Ubicada en la manzana T. AV. 2ª norte, obra realizada y obsequiada a la ciudad por el artista de Roldanillo Omar Rayo, construida en láminas de acero, recubierta por material acrílico en color blanco y negro, fue inaugurada el 6 de diciembre de 1996.La conforman dos piezas llamadas “ Ave celosa del cóndor y Ave inspectora  de niveles”.;Av 2 Norte # 12 N - 26;N/A;Espacio Publico;www.cali.gov.co;Gratuita;si;E27-E27B  Pasa por la Av. 2N # 10 Norte - 75 ;No;N/A;N/A;;;;;;;;;;;;;;;;
CUADRIGA ROMANA;CULTURAL;MONUMENTOS;Ubicado en la Avenida Colombia con calle 4ª Oeste. Es una Cuadrilla Romana “carruaje alado por caballos utilizados para el combate”, la cual está sobre una estructura de ferro concretó en forma de obelisco, de allí su nombre, este fue construido en el año de 1926 por el escultor Juan FisherB. La escultura tenía su armazón en hierro forrado en cemento y yeso con pintura dorada, una vez terminada fue colocada en la azotea de su casa ubicada en la carrera 4ª con calle 15. Con el correr del tiempo no había caleño que no identificara el lugar como la calle de los caballos. Antes de morir el señor Juan B Quintero de origen Santandereano, deseó que el monumento fuese donado a la ciudad de Cali, y fue así como sus hijos para cumplir su voluntad lo entregaron a la ciudad a través de la Sociedad de Mejoras Públicas La cuadriga fue restaurada y ubicada en el sitio del obelisco e inaugurada el 11 de Diciembre del año 1990.;Avenida Colombia con calle 4ª Oeste;N/A;Espacio Publico;www.cali.gov.co ;Gratuita;si;A02;No;N/A;N/A;;;;;;;;;;;;;;;;
ACUAPARQUE DE LA CAÑA;DEPORTE, BIENESTAR Y SALUD;UNIDAD DEPORTIVA Y RECRETAIVA;"El Acuaparque de la Caña fue construido en 1983 cuando la ciudad contaba con una población promedio de 1,200,000 habitantes. stá ubicado en el corazón de la ciudad de Cali, en el cruce de la calle 44 con la carrera 8; tiene una extensión de 156 mil metros cuadrados; con capacidad de uso de 20,000 personas por día en todos sus espacios. Cuenta con los siguientes servicios: una piscina con olas, una piscina para niños, tres toboganes acuáticos, una piscina tarzanera con mecanismo de polea, un gran piscilago, una piscina semiolímpica, canchas de fútbol, microfútbol, baloncesto, tenis, béisbol y voleibol, juegos mecánicos para niños y adultos, juegos infantiles, salones para reuniones y fiestas, lago recreativo, viejoteca, sendero para caminantes, pista para carts y/o patinaje, cafeterías y restaurantes. Es un complejo recreacional que promueve el adecuado uso del tiempo libre de los habitantes de la ciudad y la región, convirtiéndose en atractivo turístico y recreativo especialmente durante la época de verano y de vacaciones.";Carrera 8 # 39 - 01;4384812;Martes a Domingo de 9:00am a 5:00pm en temporada alta se abre los lunes en el mismo horario;servicliente@crpcali.com;Adulto $15.000 niños de 3 a 12 años $12.500;si;P82- A45E;si;N/A;N/A;;;;;;;;;;;;;;;;
UNIDAD DEPORTIVA SAN FERNANDO;DEPORTE, BIENESTAR Y SALUD;UNIDAD DEPORTIVA Y RECRETAIVA;Ubicada entre las carreras 34 y 36 con diagonal 28. La conforman Las Piscinas Alberto Galindo Herrera, El Estadio Olímpico Pascual Guerrero, El Gimnasio Evangelista Mora, La Pista de Hockey, la construcción de esta unidad data de 1936 cuando se inician las obras del estadio inaugurado en 1937, y el cual se amplió en 1954 cuando la ciudad fue sede de los Vll  Juegos Atléticos Nacionales y cuando se construyeron las Piscinas y el Gimnasio. ;Carrera 34 Carrera 36 /Calle 5B1 y Calle 5B4;N/A;N/A;www.cali.gov.co(secretaria de deporte y la recreacion ;N/A;si;T31-E37-E21-E27;si;N/A;N/A;;;;;;;;;;;;;;;;
UNIDAD DEPORTIVA ALBERTO GALINDO;DEPORTE, BIENESTAR Y SALUD;UNIDAD DEPORTIVA Y RECRETAIVA;Ubicado en la calle 4 entre carreras 52 y 56, comprende, el Velódromo Alcides Nieto Patiño, Coliseo del Pueblo, la Liga de Bolos, la Pista de Bicicrós, y el Patinódromo Mundialista. ;Calle 2 Calle 3 /Carrea 52 Carrera 55;N/A;N/A;www.cali.gov.co(secretaria de deporte y la recreacion ;N/A;si;P27C (Coliseo del pueblo) E27 E27B-T31;si;N/A;N/A;;;;;;;;;;;;;;;;
UNIDAD DEPORTIVA JAIME APARICIO (PANAMERICANA);DEPORTE, BIENESTAR Y SALUD;UNIDAD DEPORTIVA Y RECRETAIVA;Ubicada entre la calle 9ª y autopista sur con carrera 39. Se construyó totalmente para los Vl Juegos Panamericanos de 1971 y en ella se encuentran las siguientes instalaciones: Estadio Panamericano, Piscinas Panamericanas – Hernando Borrero O byrney, Diamante de Béisbol, Diamante de softbal, Estadio para Hockey sobre el césped, coliseos alternos para voleibol, karate, patinódromo y un sin número de canchas populares para la práctica de diferentes deportes.;Autoposta sur - oriental Calle 9 / Carrera 36 Carrera 34;N/A;N/A;www.cali.gov.co(secretaria de deporte y la recreacion ;N/A;si;P27C;si;N/A;N/A;;;;;;;;;;;;;;;;
UNIDAD DEPORTIVA MARIANO RAMOS;DEPORTE, BIENESTAR Y SALUD;UNIDAD DEPORTIVA Y RECRETAIVA;"Ubicado en el sur oriente de Cali, se encuentra la Unidad Deportiva Mariano Ramos, construida para los Juegos Nacionales 2008 y terminada en el año 2013. Se compone de dos (2) coliseos además de espacios para la práctica de diferentes deportes como atletismo y futbol, que complementan las disciplinas de combate y gimnasia, también se encuentran la liga de Boxeo, liga de pesas y liga alterna de Gimnasia El coliseo de combate lleva el nombre de la medallista de oro olímpica “María Isabel Urrutia”, y el Coliseo principal lleva el mismo nombre de la Unidad Deportiva “Mariano Ramos"".";Calle 25 entre carrera 48 y carrera 50;N/A;N/A;www.cali.gov.co(secretaria de deporte y la recreacion ;N/A;si;A13B-P71;si;N/A;N/A;;;;;;;;;;;;;;;;
NORTE;N/A;N/A;Desde la tradicional Avenida sexta hasta centros comercial con estilos arquitectónicos que conservadores, clásicos y otros modernos, permiten que tanto la comunidad residente, visitantes y turistas, encuentren gran variedad de productos y servicios que ratifican a la ciudad estar a la vanguardia mundial, en calzado, moda, accesorios, artesanías y suvenires entre otros. Adicionalmente se encuentran oficinas para cambio de divisas y monedas extranjeras otorgando facilidad a los visitantes internacionales;AVENIDA SEXTA;N/A;Con 2 importantes centros comerciales: La 14 de la Sexta y Centro Comercial Chipichape. Con horarios de 8am a 9pm, y 10 a 9:00 p, respectivamente. Tambien hay gran cantidad de tiendas de ropa (casual,formal y deportiva)  accesorios para mascotas, Artículos para el hogar, entidades financieras en horario de 8am a 11:30am y 2pm a 4pm, utensilios para el hogar (Dollarcity y Home Sentry) en horarios de 9am a 8pm.;N/A;Espacio público - Costo de acuerdo a los servicios a tomar;SI;P27D;SI;N/A;N/A;;;;;;;;;;;;;;;;
CENTRO DE LA CIUDAD;N/A;N/A;La zona centro de la ciudad, se ha posicionado como el punto de encuentro de los residentes, visitantes y turistas, siendo una zona que combina, la parte histórica, con lo cultural, financiero y comercial. se encuentran más 20 centros comerciales, tiendas de marca y oulets, oficinas de cambio de divisas y monedas extranjeras, museos y tiendas de artesanías.;CRA 12 HASTA CRA 15 ENTRE CALLE 4 Y CALLE 11;N/A;"La mayor concentración de comercio de la ciudad alrededor de entidades de Gobierno : Gobernación del Valle, Asamblea Departamental, DIAN, Fiscalía general de la nación, Procuraduría general de la república, entre otros; y de servicios: Clínica Comfenalco, Notarías (3a, 6a, 8a, 9a, 10a, 13a, 14a), Museos (Arqueológico La Merced, Museo de arte religioso, Museo de oro Calima), Teatros (Municipal y Jorge Isaacs) e Iglesias (San Francisco, Catedral). Se destaca gran cantidad de entidades financieras, restaurantes, cafeterías, almacenes de ropa, calzado, artículos del hogar, entre otros. Ubicados en locales independientes y en Centros Comeriales: El Tesoro, La fortuna, Hong Kong, París, Elite, Papatos, Calicentro, Zamoraco, Exito Cra 8a, Pasaje Cali, Taiwan, Calles de oro, entre otros.";N/A;Espacio público - Costo de acuerdo a los servicios a tomar;SI;T31-E37-E21;Aproximadamente $2.000 /Hora;N/A;N/A;;;;;;;;;;;;;;;;
CENTRO - SUR;N/A;N/A;Desde el Estadio Olímpico Pascual Guerrero hasta la Carrera 56, encontramos  zonas comerciales, almacenes de cadena, tiendas, mini market y centros comerciales que además de ofertar productos y servicios, permiten compartir en medio de ambientes naturales, agradables y complementados con plazoletas de comidas para el deleite de propios y extraños.;DESDE LA CARRERA 34 HASTA LA CARRERA 56 Y DESDE LA CALLE QUINTA HASTA LA CALLE 10;N/A;N/A;N/A;Espacio público - Costo de acuerdo a los servicios a tomar;N/A;N/A;N/A;N/A;N/A;;;;;;;;;;;;;;;;
SUR;N/A;N/A;Zona ubicada al sur del perímetro urbano. Se caracterizan por tener centros comerciales de uno y dos niveles en medio de la naturaleza con plazoletas de comidas, multicines y tiendas de marca local, nacional e internacional.;CRA 100 ENTRE CALLE 5 Y CALLE 23;N/A;"Gran concentración de Centros comerciales: Unicentro, Jardín Plaza, Holguines trade center, Palmas mall, Las velas, entre otros. Ofrece gran oferta gastronómica, y de comercio en general: Supermercados: Exito, Jumbo, Carulla, Mercamio, Supealejo, Superinter; tiendas de ropa, calzado y artículos en general. Además cuenta con Universidades, Colegios, institutos de enseñanza de idiomas y la Notaría 21.";N/A;Espacio público - Costo de acuerdo a los servicios a tomar;SI;E21-E31-T31-E41;SI (Parqueaderos de Centro Comercial $2.200/Hora) ;N/A;N/A;;;;;;;;;;;;;;;;
GRANADA;CULTURAL;ZONA GASTRONOMICA;"El barrio Granada que surgió en Cali, alrededor de 1890, fue el primer barrio residencial  en tener una oferta gastronómica y comercial, donde se encuentra cocina internacional; entre ellas francesa, mexicana, italiana y fusión; entre otras";Av 6Norte Av 9 Norte / Calle 10N Calle 22 Norte;N/A;Es la zona con mayor propuesta gastronómica de la ciudad con cerca de 60 diferentes restaurantes de todas las especialidades y conceptos. Cocina local e internacional y todas las gamas de precio.;N/A;Aproximadamente, entre $15.000 y $60.000 x Plato;SI;Versalles (E21-T42-E52)                            P27D- A85;Unos pocos restaurantes cuentan con parqueadero propio. Pero lo usual es parquear en la vía pública.;N/A;N/A;;;;;;;;;;;;;;;;
EL PEÑON;CULTURAL;ZONA GASTRONOMICA;El Barrio El Peñón es reconocido por su variada oferta gastronómica y  cocina internacional, cuenta con un parque que reúne los domingos,  artistas y artesanos famosos de la región y exponen sus obras y trabajos al público transeúnte;Calle 5 Calle 5 Oeste /Carrera 1 Carrera 4;N/A;Zona con gran propuesta gastronómica con cerca de 50 diferentes restaurantes de todas las especialidades y conceptos. Cocina local e internacional y todas las gamas de precio.;N/A;Aproximadamente, entre $15.000 y $60.000 x Plato;SI;A02;NO;N/A;N/A;;;;;;;;;;;;;;;;
SAN ANTONIO;CULTURAL;ZONA GASTRONOMICA;San Antonio es famoso y reconocido como un barrio tradicional, por su arquitectura colonial y su historia. Ha sido declarado Hito urbano, área de interés patrimonial y de preservación urbanística en el 2000, su capilla y su colina fueron declaradas Monumento nacional en el año de 1993. Actualmente la oferta gastronómica es muy variada, y con una mayor oferta de cocina internacional;calle 5 calle 3OE / Carrera 4 Carrera 12;N/A;Zona con gran propuesta gastronómica con cerca de 50 diferentes restaurantes de todas las especialidades y conceptos. Cocina local e internacional y todas las gamas de precio.;N/A;Aproximadamente, entre $10.000 y $60.000 x Plato;SI;E37-T31 (santa librada);NO;N/A;N/A;;;;;;;;;;;;;;;;
PARQUE DEL PERRO;CULTURAL;ZONA GASTRONOMICA;Ubicada en el barrio San Fernando viejo y ofrece una combinación de bares y restaurantes, con cocina nacional, internacional y comidas rápidas;Calle 4 hasta la Calle 3 Oeste / Carrera 34 Carrera 35;N/A;Zona con propuesta gastronómica con cerca de 20 diferentes restaurantes, especialmente comida típica y comida rápida con gama media de precio.;N/A;Aproximadamente, entre $8.000 y $20.000 x Plato;SI;T31 -E21-E37 (Estadio);NO;N/A;N/A;;;;;;;;;;;;;;;;
CIUDAD JARDIN;CULTURAL;ZONA GASTRONOMICA;Ubicada en el barrio ciudad jardín san Joaquín, donde se encuentra la oferta gastronómica nacional, internacional y fusión en la zona sur de la Ciudad;Carrera 103 Carrera 107/Calle 13 calle 16;N/A;Zona con propuesta gastronómica con cerca de 40 diferentes restaurantes, principalmente comida internacional y con gama de precio medio alto.;N/A;Aproximadamente, entre $15.000 y $60.000 x Plato;SI;T31 -E21-E37 (Jardin plaza);Unos pocos restaurantes cuentan con parqueadero propio. Pero lo usual es parquear en la vía pública.;N/A;N/A;;;;;;;;;;;;;;;;
PLAZA DE MERCADO ALAMEDA;CULTURAL;ZONA GASTRONOMICA;Ubicada en el popular  barrio alameda, donde se encuentra la mayor concentración de comida de mar y comida del pacifico y la oferta de cocina popular casera en la popular plaza alameda;Calle 8 calle 9 / Carrea 24 Carrera 26;N/A;Zona con propuesta gastronómica con cerca de 60 diferentes restaurantes, principalmente comida típica con gama de precio medio.;asoalameda@hotmail.com;Aproximadamente, entre $10.000 y $30.000 x Plato;SI;P80A-A02-A06;NO;N/A;N/A;;;;;;;;;;;;;;;;
CALLE NOVENA;CULTURAL;ZONA GASTRONOMICA;Es una zona gastronómica emergente donde se encuentran establecimientos con oferta de cocina típica, tradicional y rápida;Calle 9 Carrera 66 Carrera 34;N/A;Zona con propuesta gastronómica con cerca de 20 diferentes restaurantes, principalmente comida rápida (Hamburguesas, Pizzas, Arepas, Asados, etc) con gama de precio medio.;N/A;Aproximadamente, entre $15.000 y $30.000 x Plato;SI;P80A-A02-A06;NO;N/A;N/A;;;;;;;;;;;;;;;;
ALAMEDA ;CULTURAL;ZONA GASTRONOMICA;Ubicada en el popular  barrio alameda, donde se encuentra la mayor concentración de comida de mar y comida del pacifico  y la oferta de cocina popular casera en la popular plaza alameda;Cra. 26 8-37;N/A;Zona con propuesta gastronómica con cerca de 40 diferentes restaurantes, principalmente comida de mar con recetas del Pacífico Colombiano (Pescados y mariscos) con gama de precio medio.;N/A;Aproximadamente, entre $15.000 y $30.000 x Plato;SI;P80A-A02-A06;NO;N/A;N/A;;;;;;;;;;;;;;;;
DELIRIO;CULTURAL;ESPECTACULO DE SALSA;Un show único y original basado en la cultura popular caleña para el disfrute de todos, que con el sello de Hecho en Cali, se convirtió en símbolo de una ciudad cuyo lenguaje es el baile y su código, la Salsa;centro de eventos Valle del Pacifico - Yumbo;N/A;último vierne de cada mes en la carpa;www.delirio.com.co;$180.0000;si;No;si;N/A;N/A;;;;;;;;;;;;;;;;
ENSALSATE;CULTURAL;ESPECTACULO DE SALSA;Ensálsate es un espectáculo innovador que se basa en una fusión de géneros y ritmos musicales alrededor la Salsa, lleno de luces, colores y sonidos que evoca la imaginación, despierta los sentidos y provoca las emociones de las personas que asisten a él.;Hotel Dann Cartlon Cra 2 # 1 - 60;668 6628;El segundo viernes de cada mes ;administracion@ensalsate.co;$150.000 y $180.000;si;No resgistra;si;Con más de 80 artistas en escena, orquesta en vivo y un montaje digno de los mejores espectáculos del mundo, es reconocida como una de las  propuesta artística de la 'capital mundial de la salsa'.;N/A;;;;;;;;;;;;;;;;
"EL MULATO CABARET "" EL MULATO Y SU SWING LATINO""";CULTURAL;ESPECTACULO DE SALSA;El Mulato Cabaret, Casa de las estrellas de la Compañía Artística El Mulato y su Swing Latino, fue creado en el año 2010 como un espacio cultural y de entretenimiento donde la compañía artística expone periódicamente sus nuevas propuestas y creaciones del siempre en evolución, estilo de baile caleño.;Cra 31 # 7 - 25;N/A;No registra;mercadeoswingla@gmail.com.;No registra;si;No resgistra;no;"Clases de baile
Grupal
Personalizadas
Empresariales
Alquiler Salón de Eventos
";N/A;;;;;;;;;;;;;;;;
BARRIO OBRERO;CULTURAL;PATRIMONIO HSITORICO Y TURISTICO;Conocido inicialmente como el “barrio de los jornaleros” por El status de las gentes llegadas en el Ferrocarril del Pacifico o de San Nicolás, la clase obrera del Valle del Cauca, principalmente la del litoral Pacífico. Los habitantes obtenían sus ingresos como trabajadores de los Ferrocarriles Nacionales y en actividades como la industria textil y labores relacionadas con la minería, construcción, alfarería, ebanistería, zapatería y mecánica. Al centro del parque está ubicado el busto del General Eloy Alfaro, ex presidente ecuatoriano y caudillo liberal quien buscó siempre la reivindicación social, del cual el parque recibe el nombre, ofrenda de la colonia ecuatoriana residente en Cali en conmemoración del cuarto centenario de la fundación de la ciudad en 1937. ;Carrera 9 Carrera 12 /Calle 25 calle 19;N/A;La Casa del Melómano está ubicada en la Carrera 11 B No. 24 - 44 en el Barrio Obrero. Se encuentra abierta al público desde las 8:00 p.m. hasta las 3 a.m. todos los fines de semana. El apóstol Carlos Alfredo Molina Salas, mejor conocido como El coleccionista de la salsa;N/A;N/A;no;E41-T40-T42-P21A (Belalcazar);no;"Cali tiene una gran tradición musical, siendo la salsa una de las más reconocidas. La salsa en Cali es cosa seria, y algunos barrios han sido epicentro de esta cultura melómana. Uno de estos lugares fue el Barrio Obrero, cuna de bailadores y de amantes de la música.
Donde se encuentran aproximadamente 7 sitios emblematicos como lo son:          *Museo de la salsa o casa del melomano cra 11B#24-44
*La matraca cra 11 #22-80  *Reina Bahana calle 22 # 10 * El chorrito Antillano cra 9 # 23-91 *Nely Teka cra 10 # 20-69 *El rincon de Willy Calle 22 # 11-34                                                                                                                ";N/A;;;;;;;;;;;;;;;;
MUSEO DE LA SALSA JAIRO VARELA;CULTURAL;MUSEO;Un lugar para la memoria de Jairo Varela es también un lugar referente para la salsa en Cali, en todas sus vertientes, la música popular, el baile y la melomanía, un espacio que desde ya es conocido internacionalmente a través de la confianza que inspira el nombre de Jairo Varela y de los grandes músicos y orquestas.;Av 2 norte # 9 - 60;N/A;Martes a Viernes 10:00 am -1:00 / 2:00 - 7:00 pm. Sábados, domingos y festivos 1:00 - 6:00 pm;wwwcali.gov.co;entrada libre;si;A02;si;VIsitas guiadas hasta 30 personas por grupo;N/A;;;;;;;;;;;;;;;;
PLAZOLETA JAIRO VARELA;CULTURAL;PLAZAS Y PARQUES;Un nuevo y moderno espacio público de 8000 metros cuadrados se recuperó en el corazón de la ciudad, tras la demolición de una manzana de edificios. Es la Plazoleta de la Caleñidad “Jairo Varela”, ubicada frente al CAM, entre las avenidas 2N y 4N y las calles 10N y 12N. Este amplio sitio urbano tiene como propósito ofrecer nuevos espacios públicos que se conviertan en puntos de encuentro masivos para las familias caleñas y visitantes, alrededor de eventos y actividades lúdicas que se realicen en la plazoleta. El espacio es administrado por la Corporación para la Recreación Popular, mediante convenio interadministrativo suscrito con el Municipio de Cali;Av 2 norte Calle 9 Norte calle 10 Norte;N/A;Espacio Publico;wwwcali.gov.co;Gratuita;si;A02;si;"Tener un espacio para disfrute y goce libre ,mantenimiento de los espacios logrando tener jardines atractivos, lugares limpios y seguros.
Constante contacto con las diferentes dependencias de la Alcaldía, para el uso de los espacios (Plazoleta- Auditorio Cine Foro) para actividades de ciudad programadas a lo largo del año.";N/A;;;;;;;;;;;;;;;;
ZONA NORTE;N/A;N/A;"Esta zona está ubicada principalmente El barrio Granada que surgió en Cali, alrededor de 1890, la oferta de establecimientos nocturnos es entro otros; Restaurantes, Fondas, comidas rápidas, asaderos, comida de mar, fritanga, grilles, discotecas de Salsa, fuentes de soda, Restaurante-Bar, Bar de Rock, Bar Crossover, bares de vallenato, Bares de Rancheras y música popular, Karaoke, música de los años 60 o plancha. viejotecas, y oferta para la comunidad LGTBI";calle 15 Carrera 36 (menga);N/A;Zona con cerca de 30  sitios de rumba, con diferentes tipos de música (Rancheras, Salsa, Baladas, Cross Over, Karaoke) y distintas opciones de precio. Horarios: lunes, martes y miércoles la rumba en los establecimientos será hasta la 1:00 a.m. y los días jueves, viernes y sábados el horario se extenderá hasta las 5:30 a.m.;N/A;Aprox. $10.000 a $20.000 Cover no consumible;SI;No resgistra;Zonas para parqueo;N/A;N/A;;;;;;;;;;;;;;;;
CALLE QUINTA;N/A;N/A;"Ubicada en la vía más tradicional y emblemática de la ciudad de Cali en ámbitos históricos, culturales, y económicos; atraviesa la ciudad en sentido Noroccidente - Sur, a sus costados se encuentran ubicados algunos de los barrios tradicionales de la ciudad  Restaurantes, comidas rápidas, asaderos, fritanga, grilles, discotecas de Salsa más conocidas, fuentes de soda, Restaurante-Bar, Bar de Rock, Bar Crossover, bares de vallenato, Bares de Rancheras y música popular, música de los años 60 o plancha, ";Calle 5 entre Carrera 1 y Carrera 94.;N/A;"Zona con cerca de 5 sitios de rumba, enfocados a Salsa y ritmos latinos, con distintas opciones de precio. Se destaca ""La Topa Tolondra"" como sitio muy frecuentado por turistas, Horarios: lunes, martes y miércoles la rumba en los establecimientos será hasta la 1:00 a.m. y los días jueves, viernes y sábados el horario se extenderá hasta las 4:00 a.m.";N/A;Aprox. $10.000 a Cover no consumible;NO;T31 - E21 - T42 - ;NO;N/A;N/A;;;;;;;;;;;;;;;;
ZONA ALAMEDA;N/A;N/A;Se encuentra en el barrio popular Alameday la oferta de establecimiento nocturnos son: Restaurantes, fondas, comidas rápidas, asaderos, y principalmente la comida de mar, fritanga, grilles, discotecas de Salsa,  fuentes de soda, Karaoke, Restaurante-Bar y reconocidas Viejotecas;Calle 6 Calle 8 /Carrera 24 Carrera 34;N/A;Zona con cerca de 20  sitios de rumba, enfocados a Salsa, tangos y ritmos latinos, con distintas opciones de precio. Horarios: lunes, martes y miércoles la rumba en los establecimientos será hasta la 1:00 a.m. y los días jueves, viernes y sábados el horario se extenderá hasta las 4:00 a.m.;N/A;Tiene un valor aproximado de $10.000 a $20.000 el cover ;SI;Rutas Troncales ;NO;N/A;N/A;;;;;;;;;;;;;;;;
ZONA SUR - CARRERA 66 HASTA CIUDAD JARDIN;N/A;N/A;Restaurantes, fondas, comidas rápidas, asaderos, comida de mar, fritanga, grilles, discotecas de Salsa,  fuentes de soda, Restaurante-Bar, Bar de Rock, Bar Crossover, bares de vallenato, música de los años 60 o plancha, Bares de Rancheras y música popular, Karaoke, viejotecas, etc;Carrera 66 entre Calle 13 y calle 9 y zona ciudad jardin;N/A;En esta zona encontramos aproximadamente 300 lugares de rumba. Casi todos asociados a venta de comida (Tipo Bar/Pub) . Horarios: lunes, martes y miércoles la rumba en los establecimientos será hasta la 1:00 a.m. y los días jueves, viernes y sábados el horario se extenderá hasta las 4:00 a.m.;N/A;Tiene un valor aproximado de $15.000 a $20.000 el cover ;SI;T31 - T40;NO;N/A;N/A;;;;;;;;;;;;;;;;
BARRIO SAN FERNANDO;CULTURAL;PATRIMONIO HSITORICO Y TURISTICO;En esta zona se encuentran más de 5 escuelas de baile y formación artística donde la comunidad residente, como nuestros visitantes y turistas nacionales e internacionales tienen la oportunidad de disfrutar de clases de baile en grupo  o personalizadas y aprender el tradicional estilo de baile caleño como también ritmos latinos, que nos llevan a posicionar a Santiago de Cali como una ciudad multicultural dancistica y sonora.;Carrera 26 carrera 36B / Calle 6 Calle 9;3702692;En esta zona encontramos 2 de las principales escuelas de salsa de la ciudad: Swing latino y Sondeluz.;N/A;N/A;NO;No resgistra;NO;N/A;N/A;;;;;;;;;;;;;;;;
NORTE;N/A;N/A;N/A;N/A;N/A;Oferta de aproximadamente 5 hoteles. Con diversos estilos y categorías, pero con foco en Negocios. Destaca el Spiwak Chipichape.;N/A;Entre $100.000 y $250.000 La noche en acomodación doble.;SI;No resgistra;SI;N/A;N/A;;;;;;;;;;;;;;;;
CENTRO;N/A;N/A;N/A;N/A;N/A;Oferta de aproximadamente 15 hoteles. Con diversos estilos y categorías, pero con foco en Negocios. Destacan el Torre de Cali, Marriott y Movich casa del Alferez;N/A;Entre $100.000 y $250.000 La noche en acomodación doble.;SI;No resgistra;SI;N/A;N/A;;;;;;;;;;;;;;;;
OESTE;N/A;N/A;N/A;N/A;N/A;Oferta de aproximadamente 10 hoteles. Con diversos estilos y categorías. Destacan el Intercontinental y Dann Carlton.;N/A;Entre $100.000 y $250.000 La noche en acomodación doble.;SI;No resgistra;SI;N/A;N/A;;;;;;;;;;;;;;;;
SUR;N/A;N/A;N/A;N/A;N/A;Oferta de aproximadamente 6 hoteles. Con diversos estilos y categorías. Destaca el NH Cali Royal en Ciudad Jardín.;N/A;Entre $100.000 y $250.000 La noche en acomodación doble.;SI;No resgistra;SI;N/A;N/A;;;;;;;;;;;;;;;;
NORTE;N/A;N/A;N/A;N/A;N/A;Oferta de aproximadamente 5 hostales. Destaca el Monet. ;N/A;Entre $50.000 y $150.000 La noche;SI;No resgistra;NO;N/A;N/A;;;;;;;;;;;;;;;;
OESTE;N/A;N/A;N/A;N/A;N/A;Oferta de aproximadamente 15 hostales. Destaca el Posada San antonio;N/A;Entre $50.000 y $150.000 La noche;SI;No resgistra;NO;N/A;N/A;;;;;;;;;;;;;;;;
SUR;N/A;N/A;N/A;N/A;N/A;Oferta de aproximadamente 15 hostales. Destaca el Pasadena. Donde se hospedan muchos deportistas por la cercanía con la Unidad deportiva panamericana.;N/A;Entre $50.000 y $150.000 La noche;SI;No resgistra;NO;N/A;N/A;;;;;;;;;;;;;;;;
CENTRO;N/A;N/A;N/A;N/A;N/A;Oferta de aproximadamente 5 hostales. Destaca el Agatha en el barrio obrero;N/A;Entre $50.000 y $150.000 La noche;SI;T42- T31-E21;N/A;N/A;N/A;;;;;;;;;;;;;;;;
ZOOLOGICO DE CALI Y JARDIN BOTANICO;NATURALEZA;ZOOLOGICO;Ubicado en la carrera 2ª Oeste con calle 14 Oeste del barrio Santa Teresita. Los orígenes del Parque Zoológico se remonta al año de 1968, a partir de esa época se inicia el proceso de diseño y construcción,  de  lo que hoy en día es la planta principal y algunos de los hábitat  existentes. En la actualidad exhibe más de 32 especies de reptiles, 83 especies de aves y 53 especies de mamíferos, ofrece además un programa de adopción de diferentes especies.;Carrera 2 oeste, calle 14 esquina / Carrera 1 oeste # 21 - 229;4880888;9:00 am a 4:30 pm  /   sabado 9 am  lun - vier 8:am a 3:00 pm;"
www.zoologicodecali.com.co/
";Adultos $ 20.900 Niños $ 13.900 / Jardin botanico $ 7000;Si / jardin botanico No ;A02, P08A, E21, A05;Carros $7000 - Motos $ 3.200;El jardin botanico esta siendo operado por el Zoologico de Cali;N/A;;;;;;;;;;;;;;;;
RIVERA DEL  RIO CALI (ZOOLOGICO - LA TERTULIA);NATURALEZA;NATURALEZA URBANA;"Espacio para la contemplación; paisaje, fauna y flora, y realización de actividad deportiva ";Desde la carrera 1con calle 1 oeste hasta Carrera 1 oeste con carrera 2b oeste.;N/A;Espacio Público;N/A;Entradaa libre;N/A;E21, A02, A05;E21, A02, A05;N/A;N/A;;;;;;;;;;;;;;;;
PARQUE DE LA BABILLA;NATURALEZA;NATURALEZA URBANA;Construido a mediados del siglo XX, este ecosistema tiene conexión con un bosque natural que le permite el intercambio de especies vegetales y de animales, creando un escenario de conservación del patrimonio biótico de la ciudad. Entre las especies que se pueden observar están en sus alrededores se encuentran: aves, iguanas, ardillas, peces, tortugas, guatines y babillas;Calle 14 entre carrera 105 y carrera 107;N/A;N/A;N/A;N/A;Solo por un sector ya que por tratarse de un parque es dificil el acceso;P21A, T31, A19A;Cuenta con parqueaderos a sus alrededores;N/A;N/A;;;;;;;;;;;;;;;;
PARQUE DE LAS GARZAS;NATURALEZA;NATURALEZA URBANA;El Ecoparque es un espacio para la recreación en familia y amigos en medio de la naturaleza. Ofrece actividades relacionadas con la pesca, camping, cabalgatas, asados, entre otras. Cuenta también con senderos ecológicos, zonas húmedas, restaurante dispuesto a deleitar a nuestros clientes con diversa variedad de pescados, entre otros. Sin lugar a duda EL ECOPARQUE LAS GARZAS es la mejor elección para realizar tu actividad favorita compartiendo con los tuyos.;Carrera 127 Con Calle 16;N/A;Martes a Domingo de 8:00 am a 5:00 pm ;ecoparquedelasgarzas.blogspot.com/2012/05/eco-parque-de-las-garzas.html;Gratuito;No;A17C, A19A, T31, E41, E21;Si, es afuera del ecoparuqe, no tiene costo;No registra;Dagma;;;;;;;;;;;;;;;;
PANCE ;NATURALEZA;RUTA DE LA MONTAÑA ;Oferta de establecimientos  para recreación y esparcimiento, disfrute de sol y rio, gastronomía local, centros recreacionales, alojamiento rural, Centro de Educación Ambiental,  miradores, ecoparque rio pance , avistamiento de aves, paisajismo, camping, lagos de pesca, observación de fauna y flora, senderismo;"Veredas: la vorgaine, san francisco, El Peón, Pico de Águila
El BanqueoLa VorágineSan Francisco, El Topacio, El Pato
";N/A;Segun la actividad que se realice ;N/A;Segun la actividad que se realice ;NO;NO;Parqueadero sobre vias ;Ropa y calzado cómodos segun la actividad ;N/A;;;;;;;;;;;;;;;;
VILLACARMELO;NATURALEZA;RUTA DE LA MONTAÑA ;Oferta de establecimientos para recreación y esparcimiento, disfrute de sol y rio, gastronomía local, alojamiento rural, parque temático,  miradores, reservas ecológica, parque ecoturistico, avistamiento de aves, paisajismo, camping, observación de fauna y flora, senderismo;Veredas: El Carmen, cabecera, La Candelaria, La Fonda, Dos Quebradas, Alto de Los Mangos.;N/A;Segun la actividad que se realice ;N/A;Segun la actividad que se realice ;NO;NO;Parqueadero sobre vias ;Ropa y calzado cómodos segun la actividad ;N/A;;;;;;;;;;;;;;;;
LA BUITRERA ;NATURALEZA;RUTA DE LA MONTAÑA ;Disfrute de sol y rio, gastronomía local, alojamiento rural, avistamiento de aves, paisajismo.;Veredas: Altos del Otoño, el Rosario, Pueblo Nuevo, Anchicayá,;N/A;Segun la actividad que se realice ;N/A;Segun la actividad que se realice ;NO;NO;Parqueadero sobre vias ;Ropa y calzado cómodos segun la actividad ;N/A;;;;;;;;;;;;;;;;
LOS ANDES;NATURALEZA;VUELTA A OCCIDENTE;Oferta de establecimientos para recreación y esparcimiento, gastronomía local, parque temático,  centro de educación ambiental, avistamiento de aves, observación de orquídeas,  paisajismo, camping, caminatas, monumento a cristo rey, spa y  bienestar;Cabecera, el Faro, La Reforma, El Mango, los Andes parte baja, El Mameyal, Las Pilas del Cabuyal, El Cabuyal, sector Cristo Rey;N/A;Segun la actividad que se realice ;N/A;Segun la actividad que se realice ;NO;NO;Parqueadero sobre vias ;Ropa y calzado cómodos segun la actividad ;N/A;;;;;;;;;;;;;;;;
PICHINDÉ;NATURALEZA;VUELTA A OCCIDENTE;Oferta:  avistamiento de aves, disfrute de sol y rio, caminatas, gastronomía local, miradores, alojamiento rural, paisajismo;Veredas: Peñas blancas, cabecera, lomas de la cajita;N/A;Segun la actividad que se realice ;N/A;Segun la actividad que se realice ;NO;NO;Parqueadero sobre vias ;Ropa y calzado cómodos segun la actividad ;N/A;;;;;;;;;;;;;;;;
LA LEONERA;NATURALEZA;VUELTA A OCCIDENTE;Oferta: gastronomía local, parque temático,  centro de educación ambiental,  avistamiento de aves,  paisajismo, camping, caminatas,  spa y  bienestar, fincas agrocturísticas, senderismo, fotografía, sol y rio, lagos de pesca, alojamiento rural;veredas: el pato, cabecera, el pauil, el porvenir;N/A;Segun la actividad que se realice ;N/A;Segun la actividad que se realice ;NO;NO;Parqueadero sobre vias ;Ropa y calzado cómodos segun la actividad ;N/A;;;;;;;;;;;;;;;;
FELIDIA;NATURALEZA;VUELTA A OCCIDENTE;Oferta: establecimientos para recreación y esparcimiento, gastronomía local, avistamiento de aves, paisajismo, camping, caminatas, fincas agrocturísticas educativas, senderismo, fotografía, sol y rio, alojamiento rural, monumentos, ;Veredas: las nieves, santa elena, la esperanza, el diamante , el cedral, la soledad;N/A;Segun la actividad que se realice ;N/A;Segun la actividad que se realice ;NO;NO;Parqueadero sobre vias ;Ropa y calzado cómodos segun la actividad ;N/A;;;;;;;;;;;;;;;;
EL SALADITO;NATURALEZA;VUELTA A OCCIDENTE;Oferta: establecimientos para recreación y esparcimiento, gastronomía local, avistamiento de aves,  paisajismo, camping, caminatas, fotografía, sol y rio, alojamiento rural, bosque de niebla;veredas: san antonio, san pablo, san miguel, cabecera, montañuelas;N/A;Segun la actividad que se realice ;N/A;Segun la actividad que se realice ;NO;NO;Parqueadero sobre vias ;Ropa y calzado cómodos segun la actividad ;N/A;;;;;;;;;;;;;;;;
LA ELVIRA;NATURALEZA;VUELTA A OCCIDENTE;Oferta:  avistamiento de aves, paisajismo, camping, caminatas, alojamiento rural,  fotografía, disfrute de sol y rio, bosque de niebla;veredas: cabecera, alto Aguactal, los laureles, kilometro 18, ;N/A;Segun la actividad que se realice ;N/A;Segun la actividad que se realice ;NO;NO;Parqueadero sobre vias ;Ropa y calzado cómodos segun la actividad ;N/A;;;;;;;;;;;;;;;;
TERMINAL MENGA;TRANSPORTE ;ESTACIONES MIO;La Terminal Menga es una de las terminales de cabecera del Sistema Integrado de Transporte MIO de la ciudad de Cali, inaugurado en el año 2008; Esquina con calle 3N., Autooriental;6204040;Lun a Sab 5:00am a 11:00pm - dom y fest. 6:00am a 10:00pm ;www.mio.com.co;$2.000;Si;E21, P21B, P24A, P24C, P27C, P27D, P30A, ;No;N/A;Metro Cali;;;;;;;;;;;;;;;;
ESTACION PASO DEL COMERCIO;TRANSPORTE ;ESTACIONES MIO;Estación cabecera diseñada con dos plataformas para parqueo que permiten operar diez rutas entre troncales, pre troncales y alimentadores. Adicionalmente en la parte externa se ubicaron bahías para el ascenso descenso de pasajeros provenientes de los municipios aledaños. ;Carrera 1 entre calles 70 y 73;6204040;Lun a sab 6:00am a 9:00 pm - Dom y fest no opera;www.mio.com.co;$2.000;Si;T31, E31, E37, A33, A34, A35A, A35B, ;NO;N/A;Metro Cali;;;;;;;;;;;;;;;;
TERMINAL ANDRES SANIN;TRANSPORTE ;ESTACIONES MIO;La Terminal Andrés Sanín es una de las terminales de cabecera del Sistema Integrado de Transporte MIO de la ciudad de Cali, inaugurado en el año 2008;Cl 75, Cra 19;6204040;N/A;www.mio.com.co;$2.000;Si;E41 - T40 - T47B - P12A - P14A - P24A - P24B - P24C - P40A - P40B - P47A - P47B - P47C - P84A - P84B - A41A - A42B - A44A - A44B - A47 - A53 - A85;No;N/A;Metro Cali;;;;;;;;;;;;;;;;
ESTACION NUEVO LATIR;TRANSPORTE ;ESTACIONES MIO;N/A;Calle 81 con carrera 28D;6204040;Lun a sab 5.00am a 11:00 pm - Dom y fest de 6:00 am a 10:00 pm;www.mio.com.co;$2.000;Si;T57A, T50, E52, P52A, A42AT, A42B, A57, A52, ;No;N/A;Metro Cali;;;;;;;;;;;;;;;;
ESTACION CALIPSO;TRANSPORTE ;ESTACIONES MIO;Estación de servicio del MIO que tiene cobertura en las comunas 13, 15 y 16. Esta terminal integra 13 rutas (T50, T57A, E52, P21B, P47B, P52A, P80A, P82, A82, A84, A85, A86 y A56) entre  alimentadoras, pretroncales y troncales.;Autopista simón bolivar con carrera 28E;6204040;lunes a sábado de 5:00 a.m. a 11:00 p.m. y los domingos y festivos de 6:00 a.m. a 10:00 p.m.;www.mio.com.co;$2.000;Si;T50, T57A, E52, P21B, P47B, P52A, P80A, P82, A82, A84, A85, A86 y A56;No;N/A;N/A;;;;;;;;;;;;;;;;
ESTACION TORRE DE CALI;TRANSPORTE ;ESTACIONES MIO;Estación de servicio del MIO, Esta terminal integra 9 rutas (E21 - E37- E52-T31-P27D-P30A-P52D-P72) ;Troncal Carrera 1;6204040;lunes a sábado de 5:00 a.m. a 11:00 p.m. y los domingos y festivos de 6:00 a.m. a 10:00 p.m.;www.mio.com.co;$2.000;Si;E21 - E37- E52-T31-P27D-P30A-P52D-P72;No;N/A;Metro Cali;;;;;;;;;;;;;;;;
ESTACION UNIVERSIDADES;TRANSPORTE ;ESTACIONES MIO;Universidades es una de las estaciones del Sistema Integrado de Transporte MIO de la ciudad de Cali, inaugurado en el año 2008. A la fecha es la principal estación de parada del extremo sur de la ciudad. Rutas expresas y troncales: E21 - E31 - E41 - T31,rutas pretroncales: P10A - P10B - P10D - P12A - P14A - P21A - P21B - P27C - P51,Rutas alimentadoras: A11 - A11B - A13A - A13C - A14A - A14B - A17A - A17B - A17C - A18 - A19A;Carrera 100 # 16;6204040;lunes a sabado de 6:00am a 10:30 pm  y domingos y festivos 6:00 am a 10:00pm ;www.mio.com.co;$2.000;Si;E21 - E31 - E41 - T31 - P10A - P10B - P10D - P12A - P14A - P21A - P21B - P27C - P51 - A11 - A11B - A13A - A13C - A14A - A14B - A17A - A17B - A17C - A18 - A19A;No ;N/A;Metro Cali;;;;;;;;;;;;;;;;
TERMINAL DE TRANSPORTE TERRESTRE;TRANSPORTE ;ESTACIONES MIO;La terminal de transporte brinda comodidad, seguridad y accesibilidad a los usuarios de la a través de una infraestructura que permita la prestación de servicios conexos al transporte, contribuyendo al ordenamiento urbanístico de la ciudad.;Calle 30 #29;6683655;"Lunes a viernes
7:30 a.m. a 12:30 p.m.
1:00 p.m a 5:00 p.m. / Salida y llegada de transporte 24 horas";www.mio.com.co;Depende del tipo de servicio;Si;E21 - E27 - E27B;No- Alrededores;N/A;N/A;;;;;;;;;;;;;;;;
PUNTO DE INFORMACION TURISTICO;INFORMACION TURISTICA;PUNTO DE INFORMACION TURISTICO;La Secretaría de Turismo de Santiago de Cali dispone de dos Puntos de Información Turística (PIT's), uno ubicado en la carrera 4 con calle 6 esquina y otro en la terminal de transportes, cuyo objetivo principal es ofrecer atención gratuita, bilingüe, a nacionales y extranjeros, brindando atención personalizada por parte de personal con amplios conocimientos sobre la oferta turística, pública y privada de la ciudad en cuanto a los atractivos, rutas, operadores, facilidades, escenarios y actividades culturales, tramites institucionales, entre otros. Estos cuentan además con una amplia variedad de material promocional conformado por mapas, revistas, folletos y plegables que contienen información de interés turístico y cultural y son distribuidos de manera gratuita. ;"Carrera 5 #6-05 (centro cultural de Cali); Cl. 30 #29 (terminal de transporte)";8856173;Lunes a Viernes de 8:00 am a 12:00 pm y 2:00 pm a 5:00 pm;No registra;Gratuito;Si;E27- E27B - T31 (A06-A05).;Si -  Centro cultural alrededores;N/A;N/A;;;;;;;;;;;;;;;;
